"","x"
"AB",NA
"ABa",NA
"ABal",-173
"ABala",-151
"ABalaa",-111
"ABalaaa",-28
"ABalaaaa",-28
"ABalaaaal",-28
"ABalaaaala",-28
"ABalaaaalal",-28
"ABalaaaalar",-28
"ABalaaaalp",-28
"ABalaaaalpa",-28
"ABalaaaalpp",-28
"ABalaaaar",-24
"ABalaaaarl",8
"ABalaaaarla",8
"ABalaaaarlp",8
"ABalaaaarr",-24
"ABalaaaarra",-24
"ABalaaaarrp",-24
"ABalaaap",-28
"ABalaaapa",-13
"ABalaaapal",-13
"ABalaaapall",-13
"ABalaaapalr",-13
"ABalaaapar",-4
"ABalaaaparl",-4
"ABalaaaparr",-4
"ABalaaapp",-28
"ABalaaappl",-18
"ABalaaappll",-18
"ABalaaapplr",-18
"ABalaaappr",-28
"ABalaaapprl",-28
"ABalaaapprr",-28
"ABalaap",-111
"ABalaapa",-85
"ABalaapaa",-57
"ABalaapaaa",-57
"ABalaapaaal",-57
"ABalaapaaar",-57
"ABalaapaap",-16
"ABalaapaapa",-16
"ABalaapaapp",-16
"ABalaapap",-57
"ABalaapapa",17
"ABalaapapp",-57
"ABalaapappa",-57
"ABalaapappp",-57
"ABalaapp",-68
"ABalaappa",-3
"ABalaappaa",-3
"ABalaappap",-3
"ABalaappapa",-3
"ABalaappapp",-3
"ABalaappp",-52
"ABalaapppa",-8
"ABalaapppaa",-8
"ABalaapppap",-8
"ABalaapppp",-49
"ABalaappppa",-49
"ABalaappppaa",-49
"ABalaappppap",-49
"ABalaappppp",-49
"ABalap",-103
"ABalapa",-89
"ABalapaa",-37
"ABalapaaa",-37
"ABalapaaaa",-22
"ABalapaaaaa",-22
"ABalapaaaap",-22
"ABalapaaap",-37
"ABalapaaapa",-37
"ABalapaaapp",-37
"ABalapaap",-37
"ABalapaapa",-23
"ABalapaapaa",-23
"ABalapaapap",-23
"ABalapaapp",-37
"ABalapaappa",-37
"ABalapaappaa",-37
"ABalapaappap",-37
"ABalapaappp",-37
"ABalapap",-18
"ABalapapa",4
"ABalapapaa",4
"ABalapapap",4
"ABalapapapa",4
"ABalapapapaa",4
"ABalapapapap",4
"ABalapapapp",4
"ABalapapp",-18
"ABalapappa",-18
"ABalapappaa",-18
"ABalapappaaa",-18
"ABalapappaap",-18
"ABalapappap",-18
"ABalapappp",-18
"ABalapapppa",-18
"ABalapapppp",-18
"ABalapp",-89
"ABalappa",-52
"ABalappaa",-52
"ABalappaaa",2
"ABalappaap",-51
"ABalappaapa",-51
"ABalappaapp",-51
"ABalappap",3
"ABalappapa",3
"ABalappapaa",3
"ABalappapap",3
"ABalappapp",3
"ABalappappa",3
"ABalappappp",3
"ABalappp",-89
"ABalapppa",-60
"ABalapppaa",-47
"ABalapppaaa",-47
"ABalapppaap",-47
"ABalapppap",-60
"ABalapppapa",-60
"ABalapppapaa",-60
"ABalapppapap",-60
"ABalapppapp",-60
"ABalapppp",-29
"ABalappppa",-19
"ABalappppaa",-19
"ABalappppaaa",-19
"ABalappppaap",-19
"ABalappppap",-19
"ABalappppp",-12
"ABalapppppa",-12
"ABalapppppp",-12
"ABalp",-173
"ABalpa",-173
"ABalpaa",-146
"ABalpaaa",-69
"ABalpaaaa",-69
"ABalpaaaaa",-69
"ABalpaaaaaa",-63
"ABalpaaaaap",-39
"ABalpaaaap",-69
"ABalpaaaapa",1
"ABalpaaaapp",-69
"ABalpaaap",-69
"ABalpaaapa",136
"ABalpaaapaa",303
"ABalpaaapap",193
"ABalpaaapp",268
"ABalpaaappa",1191
"ABalpaaappp",341
"ABalpaap",-146
"ABalpaapa",-132
"ABalpaapaa",212
"ABalpaapaaa",212
"ABalpaapaap",251
"ABalpaapap",25
"ABalpaapapa",364
"ABalpaapapp",353
"ABalpaapp",-108
"ABalpaappa",-85
"ABalpaappaa",-16
"ABalpaappap",-85
"ABalpaappp",-108
"ABalpaapppa",-44
"ABalpaapppp",-88
"ABalpap",-173
"ABalpapa",-136
"ABalpapaa",-136
"ABalpapaaa",-118
"ABalpapaaaa",-91
"ABalpapaaap",-118
"ABalpapaap",-136
"ABalpapaapa",-63
"ABalpapaapp",251
"ABalpapap",-136
"ABalpapapa",1732
"ABalpapapaa",1784
"ABalpapapap",2235
"ABalpapapapa",2235
"ABalpapapapp",2235
"ABalpapapp",2007
"ABalpapappa",3056
"ABalpapappp",3638
"ABalpapp",-148
"ABalpappa",234
"ABalpappaa",864
"ABalpappaaa",864
"ABalpappaap",864
"ABalpappaapa",864
"ABalpappaapp",864
"ABalpappap",918
"ABalpappapa",2621
"ABalpappapp",2395
"ABalpappp",162
"ABalpapppa",2480
"ABalpapppaa",2480
"ABalpapppap",2480
"ABalpapppp",2750
"ABalpappppa",4326
"ABalpappppp",3923
"ABalpp",-166
"ABalppa",-127
"ABalppaa",-87
"ABalppaaa",-54
"ABalppaaaa",17
"ABalppaaap",-54
"ABalppaaapa",-54
"ABalppaaapp",-54
"ABalppaap",-38
"ABalppaapa",23
"ABalppaapp",1
"ABalppaappa",1
"ABalppaappp",1
"ABalppap",-127
"ABalppapa",-127
"ABalppapaa",-94
"ABalppapaaa",-94
"ABalppapaap",-94
"ABalppapap",-127
"ABalppapapa",-127
"ABalppapapp",-127
"ABalppapp",-127
"ABalppappa",-68
"ABalppappaa",-68
"ABalppappap",-68
"ABalppappp",-127
"ABalppapppa",-127
"ABalppapppaa",-127
"ABalppapppap",-127
"ABalppapppp",-127
"ABalppp",-166
"ABalpppa",-137
"ABalpppaa",-26
"ABalpppaaa",-17
"ABalpppaaaa",-17
"ABalpppaaap",-17
"ABalpppaap",-23
"ABalpppaapd",-23
"ABalpppaapv",-23
"ABalpppap",-83
"ABalpppapa",-53
"ABalpppapad",-53
"ABalpppapav",-53
"ABalpppapp",-65
"ABalpppappa",-65
"ABalpppappp",-65
"ABalpppapppa",-65
"ABalpppapppp",-65
"ABalpppp",-145
"ABalppppa",-71
"ABalppppaa",-64
"ABalppppaad",-64
"ABalppppaav",-64
"ABalppppap",-71
"ABalppppapa",-71
"ABalppppapaa",-71
"ABalppppapap",-71
"ABalppppapp",-71
"ABalppppp",-131
"ABalpppppa",-60
"ABalpppppaa",-60
"ABalpppppap",-60
"ABalpppppp",-131
"ABalppppppa",-131
"ABalppppppaa",-131
"ABalppppppap",-131
"ABalppppppp",-131
"ABalpppppppa",-131
"ABalpppppppp",-131
"ABar",-86
"ABara",-86
"ABaraa",-86
"ABaraaa",-86
"ABaraaaa",-86
"ABaraaaaa",-81
"ABaraaaaaa",-72
"ABaraaaaaaa",16
"ABaraaaaaap",-72
"ABaraaaaap",-81
"ABaraaaaapa",-73
"ABaraaaaapp",67
"ABaraaaap",-86
"ABaraaaapa",-78
"ABaraaaapaa",-78
"ABaraaaapap",-51
"ABaraaaapp",132
"ABaraaap",-86
"ABaraaapa",-40
"ABaraaapaa",276
"ABaraaapaaa",384
"ABaraaapaap",377
"ABaraaapap",343
"ABaraaapapa",384
"ABaraaapapp",343
"ABaraaapp",-44
"ABaraaappa",-44
"ABaraaappaa",-44
"ABaraaappap",-44
"ABaraaappp",-44
"ABaraaapppa",-44
"ABaraaapppp",-44
"ABaraap",-86
"ABaraapa",-86
"ABaraapaa",-86
"ABaraapaaa",-86
"ABaraapaaaa",-14
"ABaraapaaap",-32
"ABaraapaap",95
"ABaraapaapa",1654
"ABaraapaapp",2027
"ABaraapap",-86
"ABaraapapa",1119
"ABaraapapaa",1422
"ABaraapapaad",1422
"ABaraapapaav",1422
"ABaraapapap",1119
"ABaraapapp",1027
"ABaraapappa",1252
"ABaraapappp",1027
"ABaraapp",-86
"ABaraappa",426
"ABaraappaa",831
"ABaraappaaa",831
"ABaraappaap",831
"ABaraappap",971
"ABaraappapa",1482
"ABaraappapp",1933
"ABaraappp",578
"ABaraapppa",3051
"ABaraapppaa",3051
"ABaraapppaad",3051
"ABaraapppaav",3051
"ABaraapppap",3051
"ABaraapppp",2695
"ABaraappppa",2695
"ABaraappppp",2695
"ABarap",-86
"ABarapa",-63
"ABarapaa",-63
"ABarapaaa",-63
"ABarapaaaa",-63
"ABarapaaaaa",-52
"ABarapaaaap",-63
"ABarapaaap",-63
"ABarapaaapa",-61
"ABarapaaapp",43
"ABarapaap",-63
"ABarapaapa",1400
"ABarapaapaa",1400
"ABarapaapap",1400
"ABarapaapp",1310
"ABarapaappa",2221
"ABarapaappp",1310
"ABarapap",-58
"ABarapapa",44
"ABarapapaa",410
"ABarapapaaa",410
"ABarapapaap",410
"ABarapapaapa",410
"ABarapapaapp",410
"ABarapapap",702
"ABarapapapa",3330
"ABarapapapp",3295
"ABarapapp",111
"ABarapappa",1412
"ABarapappaa",1412
"ABarapappap",1412
"ABarapappp",1307
"ABarapapppa",2003
"ABarapapppp",2127
"ABarapp",-86
"ABarappa",-68
"ABarappaa",-68
"ABarappaaa",-68
"ABarappaaaa",-64
"ABarappaaap",-62
"ABarappaap",-68
"ABarappaapa",-68
"ABarappaapp",-68
"ABarappap",-68
"ABarappapa",981
"ABarappapaa",1263
"ABarappapap",1546
"ABarappapapa",1546
"ABarappapapp",1546
"ABarappapp",1567
"ABarappappa",3843
"ABarappappp",3430
"ABarappp",-86
"ABarapppa",-86
"ABarapppaa",-86
"ABarapppaaa",-86
"ABarapppaap",-84
"ABarapppap",-86
"ABarapppapa",-86
"ABarapppapp",-86
"ABarapppp",-86
"ABarappppa",-86
"ABarappppaa",-63
"ABarappppap",-80
"ABarappppp",-86
"ABarapppppa",-86
"ABarapppppaa",-86
"ABarapppppap",-86
"ABarapppppp",-86
"ABarp",-86
"ABarpa",-73
"ABarpaa",-59
"ABarpaaa",-21
"ABarpaaaa",-21
"ABarpaaaaa",-21
"ABarpaaaaal",-21
"ABarpaaaaar",-21
"ABarpaaaap",-12
"ABarpaaaapa",-12
"ABarpaaaapp",-12
"ABarpaaap",-21
"ABarpaaapa",-8
"ABarpaaapaa",-8
"ABarpaaapap",-8
"ABarpaaapp",7
"ABarpaap",-59
"ABarpaapa",1
"ABarpaapaa",1
"ABarpaapap",1
"ABarpaapp",-51
"ABarpaappa",-51
"ABarpaappp",-38
"ABarpap",-73
"ABarpapa",-73
"ABarpapaa",-37
"ABarpapaaa",-36
"ABarpapaaaa",-36
"ABarpapaaap",-36
"ABarpapaap",-37
"ABarpapaapa",-37
"ABarpapaapp",-37
"ABarpapaappa",-37
"ABarpapaappp",-37
"ABarpapap",-35
"ABarpapapa",-35
"ABarpapapp",-30
"ABarpapp",-53
"ABarpappa",-53
"ABarpappaa",-33
"ABarpappap",-50
"ABarpappp",-53
"ABarpapppa",-32
"ABarpapppp",-53
"ABarpp",-63
"ABarppa",-63
"ABarppaa",-36
"ABarppaaa",-36
"ABarppaaaa",-36
"ABarppaaap",-21
"ABarppaap",-36
"ABarppaapa",-36
"ABarppaapp",-15
"ABarppaappa",-15
"ABarppaappp",-15
"ABarppap",-28
"ABarppapa",-28
"ABarppapaa",-28
"ABarppapap",-28
"ABarppapp",-28
"ABarppappa",-28
"ABarppappp",-28
"ABarppp",-46
"ABarpppa",-43
"ABarpppaa",4
"ABarpppaaa",4
"ABarpppaap",4
"ABarpppap",-43
"ABarpppapa",-43
"ABarpppapp",-43
"ABarpppappa",-43
"ABarpppappp",-43
"ABarpppp",-46
"ABarppppa",-46
"ABarppppaa",-46
"ABarppppap",-38
"ABarppppp",-36
"ABarpppppa",-36
"ABarpppppp",-36
"ABp",NA
"ABpl",-238
"ABpla",-33
"ABplaa",-33
"ABplaaa",-33
"ABplaaaa",-33
"ABplaaaaa",-16
"ABplaaaaaa",-16
"ABplaaaaaaa",-16
"ABplaaaaaap",-16
"ABplaaaaap",-16
"ABplaaaaapa",-16
"ABplaaaaapp",-16
"ABplaaaaappa",-16
"ABplaaaaappp",-16
"ABplaaaap",-17
"ABplaaaapa",-17
"ABplaaaapp",-17
"ABplaaap",-27
"ABplaaapa",-23
"ABplaaapaa",-23
"ABplaaapap",-11
"ABplaaapp",-27
"ABplaaappa",-27
"ABplaaappp",-27
"ABplaap",-33
"ABplaapa",-33
"ABplaapaa",-11
"ABplaapaaa",-11
"ABplaapaaaa",-11
"ABplaapaaap",-11
"ABplaapaap",-5
"ABplaapaapa",-5
"ABplaapaapp",-5
"ABplaapap",-33
"ABplaapapa",-33
"ABplaapapaa",-33
"ABplaapapap",-33
"ABplaapapp",-33
"ABplaapappa",-33
"ABplaapappp",-33
"ABplaapapppa",-33
"ABplaapapppp",-33
"ABplaapp",-33
"ABplaappa",-33
"ABplaappaa",-33
"ABplaappap",-33
"ABplaappp",-33
"ABplaapppa",-5
"ABplaapppp",-33
"ABplaappppa",-33
"ABplaappppp",-33
"ABplap",-23
"ABplapa",-23
"ABplapaa",-23
"ABplapaaa",-23
"ABplapaaaa",-23
"ABplapaaaaa",-23
"ABplapaaaap",-23
"ABplapaaaapa",-23
"ABplapaaaapp",-23
"ABplapaaap",-23
"ABplapaaapa",-23
"ABplapaaapad",-23
"ABplapaaapav",-23
"ABplapaaapp",-23
"ABplapaap",3
"ABplapaapa",3
"ABplapaapp",3
"ABplapap",-23
"ABplapapa",-23
"ABplapapaa",-23
"ABplapapaaa",-23
"ABplapapaap",-23
"ABplapapap",-23
"ABplapapp",-23
"ABplapappa",-23
"ABplapappp",-23
"ABplapapppa",-23
"ABplapapppp",-23
"ABplapappppa",-23
"ABplapappppaa",-23
"ABplapappppap",-23
"ABplapappppp",-23
"ABplapp",-23
"ABplappa",-23
"ABplappaa",-23
"ABplappaaa",-23
"ABplappaap",-23
"ABplappap",-23
"ABplappapa",-23
"ABplappapp",-23
"ABplappp",-23
"ABplapppa",-23
"ABplapppaa",-23
"ABplapppaaa",-23
"ABplapppaap",-23
"ABplapppap",-23
"ABplapppapa",-23
"ABplapppapp",-23
"ABplapppappa",-23
"ABplapppappp",-23
"ABplapppp",-23
"ABplappppa",-23
"ABplappppp",-23
"ABplp",-166
"ABplpa",-166
"ABplpaa",-132
"ABplpaaa",444
"ABplpaaaa",1323
"ABplpaaaaa",1323
"ABplpaaaaaa",1323
"ABplpaaaaap",1323
"ABplpaaaap",1323
"ABplpaaaapa",1323
"ABplpaaaapp",1323
"ABplpaaap",1298
"ABplpaaapa",1298
"ABplpaaapaa",1298
"ABplpaaapap",1298
"ABplpaaapp",1298
"ABplpaaappa",1298
"ABplpaaappaa",1298
"ABplpaaappap",1298
"ABplpaaappp",1298
"ABplpaap",352
"ABplpaapa",1000
"ABplpaapaa",1000
"ABplpaapaaa",1000
"ABplpaapaap",1000
"ABplpaapap",1000
"ABplpaapapa",1000
"ABplpaapapp",1000
"ABplpaapp",936
"ABplpaappa",936
"ABplpaappaa",936
"ABplpaappap",936
"ABplpaappp",936
"ABplpaapppa",936
"ABplpaapppp",936
"ABplpaappppa",936
"ABplpaappppp",936
"ABplpap",-166
"ABplpapa",460
"ABplpapaa",1521
"ABplpapaaa",1521
"ABplpapaaaa",1521
"ABplpapaaap",1521
"ABplpapaap",1521
"ABplpapaapa",1521
"ABplpapaapp",1521
"ABplpapap",1441
"ABplpapapa",4000
"ABplpapapaa",4000
"ABplpapapap",4000
"ABplpapapp",3925
"ABplpapappa",4684
"ABplpapappp",4461
"ABplpapp",529
"ABplpappa",2909
"ABplpappaa",5010
"ABplpappaaa",5010
"ABplpappaap",5010
"ABplpappap",2909
"ABplpappp",3146
"ABplpapppa",6638
"ABplpapppaa",6638
"ABplpapppap",6638
"ABplpapppp",7163
"ABplpappppa",7163
"ABplpappppp",7163
"ABplpp",-158
"ABplppa",-52
"ABplppaa",944
"ABplppaaa",1982
"ABplppaaaa",1982
"ABplppaaaaa",1982
"ABplppaaaap",1982
"ABplppaaaapa",1982
"ABplppaaaapp",1982
"ABplppaaap",1982
"ABplppaap",2330
"ABplppaapa",3952
"ABplppaapaa",3952
"ABplppaapap",3952
"ABplppaapp",4253
"ABplppaappa",5645
"ABplppaappp",5652
"ABplppap",885
"ABplppapa",1820
"ABplppapaa",1820
"ABplppapaaa",1820
"ABplppapaaaa",1820
"ABplppapaaap",1820
"ABplppapaap",1820
"ABplppapap",1820
"ABplppapapa",1820
"ABplppapapp",1820
"ABplppapp",1894
"ABplppappa",1894
"ABplppappaa",1894
"ABplppappap",1894
"ABplppappp",1894
"ABplppapppa",1894
"ABplppapppp",1894
"ABplppp",-158
"ABplpppa",871
"ABplpppaa",3166
"ABplpppaaa",4050
"ABplpppaaaa",4050
"ABplpppaaap",4050
"ABplpppaap",3775
"ABplpppaapa",3775
"ABplpppaapaa",3775
"ABplpppaapap",3775
"ABplpppaapp",3775
"ABplpppap",3278
"ABplpppapa",4261
"ABplpppapaa",4261
"ABplpppapap",4261
"ABplpppapp",3278
"ABplpppp",794
"ABplppppa",2706
"ABplppppaa",3732
"ABplppppaaa",3732
"ABplppppaap",3732
"ABplppppap",4093
"ABplppppapa",4093
"ABplppppapp",4093
"ABplppppp",2896
"ABplpppppa",2896
"ABplpppppaa",2896
"ABplpppppap",2896
"ABplpppppp",2896
"ABplppppppa",2896
"ABplppppppp",2896
"ABpr",-133
"ABpra",-106
"ABpraa",-76
"ABpraaa",-74
"ABpraaaa",-19
"ABpraaaaa",-19
"ABpraaaaaa",5
"ABpraaaaaaa",5
"ABpraaaaaap",5
"ABpraaaaap",-19
"ABpraaaaapd",-19
"ABpraaaaapv",-19
"ABpraaaap",-19
"ABpraaaapa",-19
"ABpraaaapad",-19
"ABpraaaapav",-19
"ABpraaaapp",-19
"ABpraaaappa",-19
"ABpraaaappp",-19
"ABpraaaapppa",-19
"ABpraaaapppp",-19
"ABpraaap",-11
"ABpraaapa",-11
"ABpraaapaa",-11
"ABpraaapaad",-11
"ABpraaapaav",-11
"ABpraaapap",-11
"ABpraaapapa",-11
"ABpraaapapaa",-11
"ABpraaapapap",-11
"ABpraaapapp",-11
"ABpraaapp",-11
"ABpraaappa",-11
"ABpraaappaa",-11
"ABpraaappap",-11
"ABpraaappp",-11
"ABpraaapppa",-11
"ABpraaapppaa",-11
"ABpraaapppap",-11
"ABpraaapppp",-11
"ABpraaappppa",-11
"ABpraaappppp",-11
"ABpraap",-76
"ABpraapa",-60
"ABpraapaa",-60
"ABpraapaaa",11
"ABpraapaaaa",11
"ABpraapaaap",11
"ABpraapaap",-60
"ABpraapaapa",-60
"ABpraapaapp",-60
"ABpraapap",-27
"ABpraapapa",-27
"ABpraapapaa",-27
"ABpraapapap",-27
"ABpraapapp",-27
"ABpraapappa",-27
"ABpraapappp",-27
"ABpraapapppa",-27
"ABpraapapppp",-27
"ABpraapp",-76
"ABpraappa",-76
"ABpraappaa",-69
"ABpraappap",-14
"ABpraappp",-69
"ABpraapppa",-46
"ABpraapppp",-42
"ABprap",-79
"ABprapa",-79
"ABprapaa",-61
"ABprapaaa",-46
"ABprapaaaa",-46
"ABprapaaaaa",-46
"ABprapaaaap",-46
"ABprapaaaapa",-46
"ABprapaaaapp",-46
"ABprapaaap",-42
"ABprapaaapa",-42
"ABprapaaapad",-42
"ABprapaaapav",-42
"ABprapaaapp",-42
"ABprapaap",-61
"ABprapaapa",42
"ABprapaapp",-61
"ABprapap",-68
"ABprapapa",-13
"ABprapapaa",-13
"ABprapapaaa",-13
"ABprapapaap",-13
"ABprapapap",-13
"ABprapapp",-68
"ABprapappa",-68
"ABprapappp",-68
"ABprapapppa",-68
"ABprapapppp",-68
"ABprapappppa",-68
"ABprapappppaa",-68
"ABprapappppap",-68
"ABprapappppp",-68
"ABprapp",-79
"ABprappa",-79
"ABprappaa",-55
"ABprappaaa",-55
"ABprappaap",-50
"ABprappap",-78
"ABprappapa",-46
"ABprappapp",-73
"ABprappp",-69
"ABprapppa",-69
"ABprapppaa",-69
"ABprapppaaa",-69
"ABprapppaap",-69
"ABprapppap",-69
"ABprapppapa",-69
"ABprapppapp",-69
"ABprapppappa",-69
"ABprapppappp",-69
"ABprapppp",-69
"ABprappppa",-69
"ABprappppp",88
"ABprp",-133
"ABprpa",-133
"ABprpaa",-118
"ABprpaaa",206
"ABprpaaaa",905
"ABprpaaaaa",927
"ABprpaaaaaa",927
"ABprpaaaaap",927
"ABprpaaaap",1015
"ABprpaaaapa",1015
"ABprpaaaapp",1015
"ABprpaaap",743
"ABprpaaapa",743
"ABprpaaapaa",743
"ABprpaaapap",743
"ABprpaaapp",768
"ABprpaaappa",768
"ABprpaaappaa",768
"ABprpaaappap",768
"ABprpaaappp",768
"ABprpaap",159
"ABprpaapa",720
"ABprpaapaa",720
"ABprpaapaaa",720
"ABprpaapaap",720
"ABprpaapap",720
"ABprpaapapa",720
"ABprpaapapp",720
"ABprpaapp",731
"ABprpaappa",731
"ABprpaappaa",731
"ABprpaappap",731
"ABprpaappp",731
"ABprpaapppa",731
"ABprpaapppp",731
"ABprpaappppa",731
"ABprpaappppp",731
"ABprpap",-133
"ABprpapa",370
"ABprpapaa",1308
"ABprpapaaa",1308
"ABprpapaaaa",1308
"ABprpapaaap",1308
"ABprpapaap",1308
"ABprpapaapa",1308
"ABprpapaapp",1308
"ABprpapap",1332
"ABprpapapa",3405
"ABprpapapaa",3405
"ABprpapapap",3405
"ABprpapapp",3799
"ABprpapappa",3886
"ABprpapappp",3814
"ABprpapp",330
"ABprpappa",2395
"ABprpappaa",3707
"ABprpappaaa",3707
"ABprpappaap",3707
"ABprpappap",3619
"ABprpappapa",3619
"ABprpappapp",3619
"ABprpappp",2445
"ABprpapppa",6302
"ABprpapppaa",6302
"ABprpapppap",6302
"ABprpapppp",6013
"ABprpappppa",6013
"ABprpappppp",6013
"ABprpp",-133
"ABprppa",-68
"ABprppaa",523
"ABprppaaa",1220
"ABprppaaaa",1220
"ABprppaaaaa",1220
"ABprppaaaap",1220
"ABprppaaaapa",1220
"ABprppaaaapp",1220
"ABprppaaap",1220
"ABprppaap",1394
"ABprppaapa",3132
"ABprppaapaa",3142
"ABprppaapap",3132
"ABprppaapp",3995
"ABprppaappa",4313
"ABprppaappp",4956
"ABprppap",507
"ABprppapa",1511
"ABprppapaa",1585
"ABprppapaaa",1585
"ABprppapaaaa",1585
"ABprppapaaap",1585
"ABprppapaap",1585
"ABprppapap",1511
"ABprppapapa",1511
"ABprppapapp",1511
"ABprppapp",1451
"ABprppappa",1451
"ABprppappaa",1451
"ABprppappap",1451
"ABprppappp",1451
"ABprppapppa",1451
"ABprppapppp",1451
"ABprppp",-77
"ABprpppa",816
"ABprpppaa",3470
"ABprpppaaa",4044
"ABprpppaaaa",4044
"ABprpppaaap",4044
"ABprpppaap",3960
"ABprpppaapa",3960
"ABprpppaapaa",3960
"ABprpppaapap",3960
"ABprpppaapp",3960
"ABprpppap",3770
"ABprpppapa",4470
"ABprpppapaa",4470
"ABprpppapap",4470
"ABprpppapp",3770
"ABprpppp",960
"ABprppppa",3461
"ABprppppaa",5722
"ABprppppaaa",5722
"ABprppppaap",5722
"ABprppppap",5446
"ABprppppapa",5446
"ABprppppapp",5446
"ABprppppp",3824
"ABprpppppa",3859
"ABprpppppaa",3859
"ABprpppppap",3859
"ABprpppppp",4001
"ABprppppppa",4001
"ABprppppppp",4001
"C",-96
"Ca",-69
"Caa",-36
"Caaa",-36
"Caaaa",-28
"Caaaaa",-28
"Caaaap",-10
"Caaap",-36
"Caaapa",-36
"Caaapp",-35
"Caap",-36
"Caapa",-36
"Caapaa",-36
"Caapap",-36
"Caapp",-36
"Caappd",-36
"Caappv",1
"Cap",-69
"Capa",-69
"Capaa",-69
"Capaaa",-69
"Capaaaa",-69
"Capaaap",-69
"Capaap",-69
"Capaapa",-69
"Capaapp",-69
"Capap",-69
"Capapa",-69
"Capapaa",-69
"Capapap",-69
"Capapp",-69
"Capappa",-69
"Capappp",-69
"Capp",-69
"Cappa",-69
"Cappaa",-69
"Cappaaa",-69
"Cappaap",-69
"Cappap",-69
"Cappapa",-69
"Cappapp",-69
"Cappp",-69
"Capppa",-69
"Capppaa",-69
"Capppap",-69
"Capppp",-69
"Cappppd",-69
"Cappppv",-69
"Cp",-84
"Cpa",-67
"Cpaa",-67
"Cpaaa",-20
"Cpaaaa",-9
"Cpaaap",-20
"Cpaap",-67
"Cpaapa",-32
"Cpaapp",-57
"Cpap",-67
"Cpapa",-67
"Cpapaa",-67
"Cpapap",-66
"Cpapp",-67
"Cpappd",-67
"Cpappv",-67
"Cpp",-84
"Cppa",-84
"Cppaa",-84
"Cppaaa",-84
"Cppaaaa",-84
"Cppaaap",-84
"Cppaap",-84
"Cppaapa",-84
"Cppaapp",-84
"Cppap",-84
"Cppapa",-84
"Cppapaa",-84
"Cppapap",-84
"Cppapp",-84
"Cppappa",-84
"Cppappp",-84
"Cppp",-84
"Cpppa",-84
"Cpppaa",-84
"Cpppaaa",-84
"Cpppaap",-84
"Cpppap",-84
"Cpppapa",-84
"Cpppapp",-84
"Cpppp",-84
"Cppppa",-84
"Cppppaa",-84
"Cppppap",-84
"Cppppp",-84
"Cpppppd",-84
"Cpppppv",-84
"D",-198
"Da",-198
"Daa",-198
"Daaa",-137
"Daaaa",-137
"Daaap",-137
"Daap",-184
"Daapa",-184
"Daapp",-184
"Dap",-198
"Dapa",-126
"Dapaa",-126
"Dapap",-126
"Dapp",-93
"Dappa",-93
"Dappaa",-93
"Dappap",-93
"Dappp",-93
"Dapppa",-93
"Dapppp",-93
"Dp",-198
"Dpa",-198
"Dpaa",-158
"Dpaaa",-158
"Dpaap",-158
"Dpap",-198
"Dpapa",-198
"Dpapp",-198
"Dpp",-198
"Dppa",-143
"Dppaa",-143
"Dppap",-143
"Dppp",-124
"Dpppa",-124
"Dpppaa",-124
"Dpppap",-124
"Dpppp",-124
"Dppppa",-124
"Dppppp",-124
"E",-271
"EMS",NA
"Ea",-271
"Eal",-225
"Eala",-140
"Ealaa",-140
"Ealaad",-140
"Ealaav",-140
"Ealap",-133
"Ealapa",-133
"Ealapp",-133
"Ealp",-126
"Ealpa",-126
"Ealpp",-126
"Ealppa",-126
"Ealppp",-126
"Ear",-215
"Eara",-127
"Earaa",-127
"Earaad",-127
"Earaav",-127
"Earap",-127
"Earapa",-127
"Earapp",-127
"Earp",-130
"Earpa",-130
"Earpp",-129
"Earppa",-129
"Earppp",-129
"Ep",-241
"Epl",-176
"Epla",-130
"Eplaa",-105
"Eplaaa",-105
"Eplaap",-105
"Eplap",-120
"Eplapa",-120
"Eplapp",-120
"Eplp",-146
"Eplpa",-146
"Eplpaa",-146
"Eplpap",-146
"Eplpp",-146
"Eplppa",-146
"Eplppaa",-146
"Eplppap",-146
"Eplppp",-146
"Eplpppa",-146
"Eplpppp",-146
"Epr",-142
"Epra",-83
"Epraa",-83
"Epraaa",-83
"Epraap",-83
"Eprap",-83
"Eprapa",-83
"Eprapp",-83
"Eprp",-113
"Eprpa",-113
"Eprpaa",-113
"Eprpap",-113
"Eprpp",-113
"Eprppa",-113
"Eprppaa",-113
"Eprppap",-113
"Eprppp",-113
"Eprpppa",-113
"Eprpppp",-113
"MS",-260
"MSa",-260
"MSaa",-260
"MSaaa",-54
"MSaaaa",213
"MSaaaaa",213
"MSaaaaaa",213
"MSaaaaaal",213
"MSaaaaaar",213
"MSaaaaap",213
"MSaaaaapa",213
"MSaaaaapaa",213
"MSaaaaapap",213
"MSaaaaapp",213
"MSaaaap",213
"MSaaaapa",213
"MSaaaapaa",213
"MSaaaapap",213
"MSaaaapp",213
"MSaaaappa",213
"MSaaaappp",213
"MSaaap",224
"MSaaapa",619
"MSaaapaa",1415
"MSaaapaaa",1415
"MSaaapaap",1415
"MSaaapap",1050
"MSaaapapa",1050
"MSaaapapp",1050
"MSaaapp",1050
"MSaaappa",2185
"MSaaappp",2361
"MSaap",-37
"MSaapa",948
"MSaapaa",1855
"MSaapaaa",1855
"MSaapaaaa",1855
"MSaapaaap",1855
"MSaapaap",1855
"MSaapaapa",1855
"MSaapaapaa",1855
"MSaapaapap",1855
"MSaapaapp",1855
"MSaapap",1805
"MSaapapa",1805
"MSaapapaa",1805
"MSaapapap",1805
"MSaapapp",1805
"MSaapappa",1805
"MSaapappp",1805
"MSaapp",1084
"MSaappa",2197
"MSaappaa",2197
"MSaappap",2197
"MSaappp",2223
"MSaapppa",2223
"MSaapppaa",2223
"MSaapppap",2223
"MSaapppp",2223
"MSaappppa",2223
"MSaappppp",2223
"MSap",-241
"MSapa",-94
"MSapaa",-20
"MSapaaa",-20
"MSapaaaa",-20
"MSapaaaad",-20
"MSapaaaav",-20
"MSapaaap",-20
"MSapaap",-20
"MSapaapa",-20
"MSapaapp",-20
"MSapap",-80
"MSapapa",-80
"MSapapaa",-80
"MSapapaaa",-80
"MSapapaap",-80
"MSapapap",-80
"MSapapp",-80
"MSapappa",-76
"MSapappp",-67
"MSapp",-154
"MSappa",-36
"MSappaa",-36
"MSappaaa",-36
"MSappaap",-36
"MSappap",-36
"MSappapa",-36
"MSappapp",-36
"MSappp",-39
"MSapppa",-39
"MSapppaa",-39
"MSapppap",-39
"MSapppp",-39
"MSappppa",-39
"MSappppp",-39
"MSp",-239
"MSpa",-239
"MSpaa",29
"MSpaaa",173
"MSpaaaa",173
"MSpaaaaa",173
"MSpaaaaaa",173
"MSpaaaaap",173
"MSpaaaap",173
"MSpaaaapa",197
"MSpaaaapp",173
"MSpaaap",173
"MSpaaapa",173
"MSpaaapaa",173
"MSpaaapap",173
"MSpaaapp",173
"MSpaaappa",173
"MSpaaappp",173
"MSpaap",151
"MSpaapa",587
"MSpaapaa",915
"MSpaapaaa",915
"MSpaapaap",915
"MSpaapap",1121
"MSpaapapa",1121
"MSpaapapp",1121
"MSpaapp",152
"MSpap",-185
"MSpapa",669
"MSpapaa",1328
"MSpapaaa",1328
"MSpapaaaa",1328
"MSpapaaap",1328
"MSpapaap",1328
"MSpapaapa",1328
"MSpapaapaa",1328
"MSpapaapap",1328
"MSpapaapp",1328
"MSpapap",1245
"MSpapapa",1245
"MSpapapaa",1245
"MSpapapap",1245
"MSpapapp",1245
"MSpapappa",1245
"MSpapappp",1245
"MSpapp",990
"MSpappa",990
"MSpappaa",990
"MSpappap",990
"MSpappp",1289
"MSpapppa",1289
"MSpapppaa",1289
"MSpapppap",1289
"MSpapppp",1289
"MSpappppa",1289
"MSpappppp",1289
"MSpp",-239
"MSppa",-147
"MSppaa",-147
"MSppaaa",-90
"MSppaaaa",-74
"MSppaaaad",-74
"MSppaaaav",-74
"MSppaaap",-90
"MSppaap",-126
"MSppaapa",-126
"MSppaapp",-126
"MSppap",-115
"MSppapa",-115
"MSppapaa",-106
"MSppapaaa",-106
"MSppapaap",-106
"MSppapap",-115
"MSppapp",-115
"MSppappa",-115
"MSppappp",-115
"MSppp",-223
"MSpppa",-88
"MSpppaa",-88
"MSpppaaa",-88
"MSpppaap",-88
"MSpppap",-88
"MSpppapa",-88
"MSpppapp",-88
"MSpppappa",-88
"MSpppappp",-88
"MSpppp",-119
"MSppppa",-115
"MSppppaa",-115
"MSppppap",-115
"MSppppp",-119
"MSpppppa",-119
"MSpppppp",-119
"P",NA
"P0",NA
"P1",NA
"P2",NA
"P3",-198
"P4",-198
"Z2",-198
"Z3",-198
